1,Maria Laura,RO,01/08/2025
2,Manuela,PR,01/08/2025
3,Rebeca,RS,01/08/2025
4,Levi,GO,01/08/2025
5,Eduardo,PI,01/08/2025
6,Alexia,MS,01/08/2025
7,Leonardo,RR,01/08/2025
8,Luan,MT,01/08/2025
9,Juliana,RN,01/08/2025
10,Marcos Vinicius,BA,01/08/2025
11,Alexandre,PR,01/08/2025
12,Olívia,SP,01/08/2025
13,Kamilly,RO,01/08/2025
14,Enrico,TO,01/08/2025
15,Lorenzo,ES,01/08/2025
16,Yan,SE,01/08/2025
17,Aylla,GO,01/08/2025
18,Léo,MG,01/08/2025
19,Ana Luiza,RR,01/08/2025
20,Arthur Miguel,TO,01/08/2025
21,Antônio,RN,01/08/2025
22,Maysa,MS,01/08/2025
23,Bianca,DF,01/08/2025
24,Davi Luiz,BA,01/08/2025
25,Pedro,DF,01/08/2025
26,Yasmin,RR,01/08/2025
27,Eduarda,SC,01/08/2025
28,Nathan,RO,01/08/2025
29,Joana,GO,01/08/2025
30,Allana,MG,01/08/2025
31,Luna,CE,01/08/2025
32,Larissa,MT,01/08/2025
33,Ísis,PB,01/08/2025
34,Benício,MT,01/08/2025
35,Ana Lívia,PR,01/08/2025
36,Ester,PI,01/08/2025
37,Léo,CE,01/08/2025
38,Matheus,RS,01/08/2025
39,Rebeca,PA,01/08/2025
40,Sophie,TO,01/08/2025
41,Isadora,MG,01/08/2025
42,Vinicius,PR,01/08/2025
43,Maitê,SP,01/08/2025
44,Isabella,MT,01/08/2025
45,Emilly,MG,01/08/2025
46,Leonardo,MG,01/08/2025
47,Matheus,MG,01/08/2025
48,Ísis,RR,01/08/2025
49,Melissa,PR,01/08/2025
50,Liam,PI,01/08/2025
51,Lucas Gabriel,RN,01/08/2025
52,Maria Clara,RO,01/08/2025
53,Stephany,MT,01/08/2025
54,Vitor Gabriel,SE,01/08/2025
55,João,PE,01/08/2025
56,Henry,AL,01/08/2025
57,Bryan,SP,01/08/2025
58,Maria Júlia,SE,01/08/2025
59,Breno,MT,01/08/2025
60,João Gabriel,RR,01/08/2025
61,Nicolas,BA,01/08/2025
62,Cecilia,AP,01/08/2025
63,Jade,TO,01/08/2025
64,Cauê,PI,01/08/2025
65,Theo,AC,01/08/2025
66,Isadora,SP,01/08/2025
67,Lara,DF,01/08/2025
68,Marina,PR,01/08/2025
69,Marcelo,PA,01/08/2025
70,Heitor,BA,01/08/2025
71,Benjamin,MG,01/08/2025
72,Noah,RR,01/08/2025
73,Alana,BA,01/08/2025
74,Júlia,PE,01/08/2025
75,Amanda,GO,01/08/2025
76,Ana Cecília,DF,01/08/2025
77,Theodoro,AC,01/08/2025
78,Ana Sophia,PE,01/08/2025
79,Raquel,AP,01/08/2025
80,Aylla,PI,01/08/2025
81,Heloisa,DF,01/08/2025
82,Aurora,SE,01/08/2025
83,Lunna,PE,01/08/2025
84,Stephany,MS,01/08/2025
85,Gabriela,SE,01/08/2025
86,Allana,MA,01/08/2025
87,Otávio,PA,01/08/2025
88,Luiz Fernando,DF,01/08/2025
89,Eduarda,PE,01/08/2025
90,Brayan,SP,01/08/2025
91,Isaque,MA,01/08/2025
92,Mateus,PB,01/08/2025
93,Ísis,PR,01/08/2025
94,Larissa,PI,01/08/2025
95,Vitória,SC,01/08/2025
96,Leandro,SC,01/08/2025
97,Théo,RS,01/08/2025
98,Luana,RJ,01/08/2025
99,Breno,TO,01/08/2025
100,Maysa,AL,01/08/2025
